{
  "version": "5",
  "dialect": "pg",
  "entries": [
    {
      "idx": 0,
      "version": "5",
      "when": 1709046457517,
      "tag": "0000_ancient_dakota_north",
      "breakpoints": true
    },
    {
      "idx": 1,
      "version": "5",
      "when": 1709311097566,
      "tag": "0001_nervous_lady_deathstrike",
      "breakpoints": true
    },
    {
      "idx": 2,
      "version": "5",
      "when": 1709319153087,
      "tag": "0002_fine_spirit",
      "breakpoints": true
    },
    {
      "idx": 3,
      "version": "5",
      "when": 1709372700986,
      "tag": "0003_groovy_jocasta",
      "breakpoints": true
    },
    {
      "idx": 4,
      "version": "5",
      "when": 1709387447510,
      "tag": "0004_thankful_pete_wisdom",
      "breakpoints": true
    }
  ]
}